,Product Name,Brand,Price,Rating,Offer,Review Count,Suction Capacity,Size,Offer_clean,Suction_clean,Rating_Performance,suction_bins
0,RUWA VIVA,RUWA,3578,3.8,60% off,594.0,800 CMH,60.0,60.0,800.0,Good,500 - 1000 CMH
1,Kaff KEC60A,Kaff,17490,4.3,64% off,26.0,1150 CMH,75.0,64.0,1150.0,Excellent,1000 - 1500 CMH
2,FABER Hood,FABER,7399,3.7,48% off,46.0,1250 CMH,90.0,48.0,1250.0,Good,1000 - 1500 CMH
3,Elica FLAT,Elica,13999,4.3,49% off,102.0,1600 CMH,90.0,49.0,1600.0,Excellent,1500 -2000 CHM
4,FABER Hood,FABER,17999,4.5,43% off,139.0,1500 CMH,90.0,43.0,1500.0,Excellent,1000 - 1500 CMH
5,Hindware Smart,Hindware,13999,4.1,54% off,1658.0,1500 CMH,90.0,54.0,1500.0,Excellent,1000 - 1500 CMH
6,LIVPURE Evora,LIVPURE,7049,4.1,75% off,748.0,1350 CMH,60.0,75.0,1350.0,Excellent,1000 - 1500 CMH
7,Amplesta Sereno,Amplesta,13999,4.1,67% off,206.0,1500 CMH,90.0,67.0,1500.0,Excellent,1000 - 1500 CMH
8,FABER HOOD,FABER,6099,4.4,69% off,1291.0,1000 CMH,60.0,69.0,1000.0,Excellent,500 - 1000 CMH
9,Elica FLAT,Elica,11999,4.3,49% off,102.0,1500 CMH,60.0,49.0,1500.0,Excellent,1000 - 1500 CMH
10,Hindware Smart,Hindware,3998,3.7,67% off,139.0,1350 CMH,60.0,67.0,1350.0,Good,1000 - 1500 CMH
11,Amplesta EcoFlow,Amplesta,7490,4.1,67% off,4.0,1350 CMH,60.0,67.0,1350.0,Excellent,1000 - 1500 CMH
12,Elica WDFL,Elica,12499,4.4,47% off,2672.0,1350 CMH,60.0,47.0,1350.0,Excellent,1000 - 1500 CMH
13,FABER HOOD,FABER,28340,4.4,63% off,9.0,800 CMH,90.0,63.0,800.0,Excellent,500 - 1000 CMH
14,Hindware Smart,Hindware,11499,4.1,57% off,1658.0,1350 CMH,60.0,57.0,1350.0,Excellent,1000 - 1500 CMH
15,Elica WDFL,Elica,15990,4.3,50% off,418.0,1350 CMH,90.0,50.0,1350.0,Excellent,1000 - 1500 CMH
16,FABER Hood,FABER,4192,3.9,67% off,46.0,1350 CMH,75.0,67.0,1350.0,Good,1000 - 1500 CMH
17,Amplesta Sereno,Amplesta,7199,3.7,30% off,4.0,1100 CMH,60.0,30.0,1100.0,Good,1000 - 1500 CMH
18,LIVPURE Evora,LIVPURE,7989,4.1,73% off,748.0,1500 CMH,75.0,73.0,1500.0,Excellent,1000 - 1500 CMH
19,Hindware Smart,Hindware,12499,4.1,59% off,1658.0,1350 CMH,90.0,59.0,1350.0,Excellent,1000 - 1500 CMH
20,Amplesta Sereno,Amplesta,6708,4.1,67% off,3.0,1100 CMH,60.0,67.0,1100.0,Excellent,1000 - 1500 CMH
21,ZENPURE Nadia,ZENPURE,6576,3.8,67% off,1.0,1400 CMH,60.0,67.0,1400.0,Good,1000 - 1500 CMH
22,FABER HOOD,FABER,10699,4.4,53% off,799.0,1350 CMH,60.0,53.0,1350.0,Excellent,1000 - 1500 CMH
23,FABER HOOD,FABER,11699,4.4,53% off,799.0,1200 CMH,90.0,53.0,1200.0,Excellent,1000 - 1500 CMH
24,Glen ISPA,Glen,6576,4.2,65% off,163.0,1500 CMH,60.0,65.0,1500.0,Excellent,1000 - 1500 CMH
25,Amplesta EcoFlow,Amplesta,6708,4.0,58% off,110.0,1200 CMH,60.0,58.0,1200.0,Good,1000 - 1500 CMH
26,RUWA VIVA,RUWA,7049,3.8,64% off,594.0,800 CMH,60.0,64.0,800.0,Good,500 - 1000 CMH
27,Kaff KEC60A,Kaff,4192,3.7,60% off,4.0,1150 CMH,60.0,60.0,1150.0,Good,1000 - 1500 CMH
28,Whirlpool CGFL,Whirlpool,17490,4.2,63% off,163.0,1600 CMH,60.0,63.0,1600.0,Excellent,1500 -2000 CHM
29,FABER HOOD,FABER,11490,4.4,58% off,449.0,1250 CMH,60.0,58.0,1250.0,Excellent,1000 - 1500 CMH
30,Hindware Smart,Hindware,9999,4.1,67% off,206.0,1250 CMH,60.0,67.0,1250.0,Excellent,1000 - 1500 CMH
31,RUWA PEARL,RUWA,3578,3.7,67% off,46.0,1500 CMH,90.0,67.0,1500.0,Good,1000 - 1500 CMH
32,Kenstar VENTI,Kenstar,7399,4.0,72% off,9.0,1300 CMH,60.0,72.0,1300.0,Good,1000 - 1500 CMH
33,Whirlpool CGFL,Whirlpool,11790,4.2,62% off,163.0,1500 CMH,90.0,62.0,1500.0,Excellent,1000 - 1500 CMH
34,Elica FLAT,Elica,11899,4.1,56% off,459.0,900 CMH,60.0,56.0,900.0,Excellent,500 - 1000 CMH
35,LIVPURE LIV,LIVPURE,13999,4.1,59% off,5.0,1800 CMH,90.0,59.0,1800.0,Excellent,1500 -2000 CHM
36,Amplesta Sereno,Amplesta,3998,4.3,67% off,46.0,1250 CMH,60.0,67.0,1250.0,Excellent,1000 - 1500 CMH
37,Amplesta Sereno,Amplesta,6399,4.1,63% off,9.0,1350 CMH,90.0,63.0,1350.0,Excellent,1000 - 1500 CMH
38,Whirlpool CGBF,Whirlpool,13490,4.1,59% off,86.0,1200 CMH,75.0,59.0,1200.0,Excellent,1000 - 1500 CMH
39,Whirlpool CLASSIC,Whirlpool,5590,4.1,51% off,19.0,1600 CMH,90.0,51.0,1600.0,Excellent,1500 -2000 CHM
40,RUWA RAVE,RUWA,21599,4.4,48% off,26.0,1350 CMH,60.0,48.0,1350.0,Excellent,1000 - 1500 CMH
41,Hindware Smart,Hindware,17490,3.9,67% off,4.0,1350 CMH,90.0,67.0,1350.0,Good,1000 - 1500 CMH
42,Hindware Smart,Hindware,7490,3.9,60% off,118.0,1000 CMH,60.0,60.0,1000.0,Good,500 - 1000 CMH
43,Beyond Appliances,Beyond,10809,4.3,54% off,37.0,1600 CMH,90.0,54.0,1600.0,Excellent,1500 -2000 CHM
44,SURYA SS60,SURYA,16999,4.2,48% off,407.0,1500 CMH,60.0,48.0,1500.0,Excellent,1000 - 1500 CMH
45,Hindware Smart,Hindware,4192,3.7,30% off,139.0,800 CMH,60.0,30.0,800.0,Good,500 - 1000 CMH
46,Amplesta Sereno,Amplesta,7499,3.8,67% off,3.0,1350 CMH,75.0,67.0,1350.0,Good,1000 - 1500 CMH
47,Elica WD,Elica,16999,4.2,47% off,407.0,1500 CMH,60.0,47.0,1500.0,Excellent,1000 - 1500 CMH
48,Hindware Smart,Hindware,13290,4.1,64% off,71.0,1626 CMH,90.0,64.0,1626.0,Excellent,1500 -2000 CHM
49,FABER HOOD,FABER,9399,3.8,64% off,594.0,800 CMH,60.0,64.0,800.0,Good,500 - 1000 CMH
50,FABER Hood,FABER,7199,3.7,60% off,4.0,1150 CMH,90.0,60.0,1150.0,Good,1000 - 1500 CMH
51,Hindware Smart,Hindware,6576,4.1,60% off,86.0,1200 CMH,7.0,60.0,1200.0,Excellent,1000 - 1500 CMH
52,Elica WDFL,Elica,6576,4.0,69% off,262.0,1000 CMH,60.0,69.0,1000.0,Good,500 - 1000 CMH
53,Hindware Smart,Hindware,10809,4.3,52% off,285.0,1100 CMH,60.0,52.0,1100.0,Excellent,1000 - 1500 CMH
54,FABER HOOD,FABER,13290,4.3,48% off,494.0,1500 CMH,60.0,48.0,1500.0,Excellent,1000 - 1500 CMH
55,FABER Hood,FABER,16999,3.7,67% off,46.0,1250 CMH,90.0,67.0,1250.0,Good,1000 - 1500 CMH
56,FABER HOOD,FABER,6399,4.1,67% off,206.0,1500 CMH,60.0,67.0,1500.0,Excellent,1000 - 1500 CMH
57,Elica CURVE,Elica,15299,4.1,55% off,206.0,1450 CMH,90.0,55.0,1450.0,Excellent,1000 - 1500 CMH
58,Elica WD,Elica,13999,4.4,66% off,6.0,1500 CMH,75.0,66.0,1500.0,Excellent,1000 - 1500 CMH
59,Amplesta Sereno,Amplesta,3578,3.7,67% off,46.0,1250 CMH,75.0,67.0,1250.0,Good,1000 - 1500 CMH
60,Amplesta Sereno,Amplesta,7399,3.7,63% off,139.0,1350 CMH,60.0,63.0,1350.0,Good,1000 - 1500 CMH
61,Hindware Smart,Hindware,10339,4.0,41% off,115.0,1000 CMH,60.0,41.0,1000.0,Good,500 - 1000 CMH
62,LIVPURE Evora,LIVPURE,4511,4.1,63% off,108.0,1350 CMH,60.0,63.0,1350.0,Excellent,1000 - 1500 CMH
63,FABER HOOD,FABER,8990,4.3,60% off,226.0,1400 CMH,90.0,60.0,1400.0,Excellent,1000 - 1500 CMH
64,Kenstar VENTI,Kenstar,16940,3.8,58% off,41.0,1350 CMH,90.0,58.0,1350.0,Good,1000 - 1500 CMH
65,Koche ENZO,Koche,13999,4.3,48% off,26.0,1350 CMH,90.0,48.0,1350.0,Excellent,1000 - 1500 CMH
66,Koche LAURA,Koche,3998,4.1,67% off,4.0,1350 CMH,60.0,67.0,1350.0,Excellent,1000 - 1500 CMH
67,Hindware Smart,Hindware,13723,4.1,65% off,748.0,1350 CMH,60.0,65.0,1350.0,Excellent,1000 - 1500 CMH
68,FABER Hood,FABER,15490,4.2,69% off,60.0,1200 CMH,75.0,69.0,1200.0,Excellent,1000 - 1500 CMH
69,Koche LAURA,Koche,17490,4.4,30% off,9.0,800 CMH,75.0,30.0,800.0,Excellent,500 - 1000 CMH
70,Koche LAURA,Koche,7490,3.9,67% off,19.0,1350 CMH,60.0,67.0,1350.0,Good,1000 - 1500 CMH
71,Hindware Smart,Hindware,5399,4.6,55% off,4.0,1250 CMH,90.0,55.0,1250.0,Excellent,1000 - 1500 CMH
72,FABER HOOD,FABER,14990,4.0,53% off,9.0,1300 CMH,90.0,53.0,1300.0,Good,1000 - 1500 CMH
73,RUWA Citrine,RUWA,9603,4.0,74% off,86.0,Suction Capacity: 1100 m3/h,60.0,74.0,1100.0,Good,1000 - 1500 CMH
74,Hindware Smart,Hindware,12971,4.1,61% off,585.0,1500 CMH,90.0,61.0,1500.0,Excellent,1000 - 1500 CMH
75,FABER Hood,FABER,28340,3.8,64% off,594.0,800 CMH,60.0,64.0,800.0,Good,500 - 1000 CMH
76,FABER Hood,FABER,4192,3.7,60% off,4.0,1150 CMH,90.0,60.0,1150.0,Good,1000 - 1500 CMH
77,Hindware Smart,Hindware,7848,4.1,55% off,17.0,1350 CMH,60.0,55.0,1350.0,Excellent,1000 - 1500 CMH
78,Crompton CHD,Crompton,9990,4.5,60% off,139.0,1500 CMH,60.0,60.0,1500.0,Excellent,1000 - 1500 CMH
79,FABER HOOD,FABER,7199,3.7,67% off,46.0,1250 CMH,90.0,67.0,1250.0,Good,1000 - 1500 CMH
80,FABER HOOD,FABER,6576,4.1,67% off,206.0,1500 CMH,60.0,67.0,1500.0,Excellent,1000 - 1500 CMH
81,Hindware Smart,Hindware,6576,4.1,48% off,88.0,1200 CMH,75.0,48.0,1200.0,Excellent,1000 - 1500 CMH
82,Kutchina Virgose,Kutchina,8990,3.6,71% off,3.0,1000 CMH,60.0,71.0,1000.0,Good,500 - 1000 CMH
83,MarQ by,MarQ,5399,4.2,65% off,41.0,1500 CMH,90.0,65.0,1500.0,Excellent,1000 - 1500 CMH
84,LIVPURE DASH,LIVPURE,15299,4.1,51% off,585.0,1500 CMH,60.0,51.0,1500.0,Excellent,1000 - 1500 CMH
85,Amplesta Sereno,Amplesta,4511,3.7,67% off,46.0,1250 CMH,75.0,67.0,1250.0,Good,1000 - 1500 CMH
86,Amplesta Sereno,Amplesta,9799,3.7,30% off,139.0,1350 CMH,60.0,30.0,1350.0,Good,1000 - 1500 CMH
87,Koche STARK,Koche,14999,4.3,48% off,26.0,1350 CMH,90.0,48.0,1350.0,Excellent,1000 - 1500 CMH
88,Koche ENZO,Koche,3578,4.1,67% off,4.0,1350 CMH,75.0,67.0,1350.0,Excellent,1000 - 1500 CMH
89,Kenstar VENTI,Kenstar,10490,4.4,49% off,1373.0,1200 CMH,75.0,49.0,1200.0,Excellent,1000 - 1500 CMH
90,Elica SPT,Elica,12971,4.0,60% off,12.0,1300 CMH,60.0,60.0,1300.0,Good,1000 - 1500 CMH
91,HAVELLS GHKCNBMK0,HAVELLS,15999,4.1,63% off,108.0,1350 CMH,60.0,63.0,1350.0,Excellent,1000 - 1500 CMH
92,Kutchina Signia,Kutchina,13999,4.5,64% off,32.0,1600 CMH,90.0,64.0,1600.0,Excellent,1500 -2000 CHM
93,FABER HOOD,FABER,7399,3.8,64% off,594.0,800 CMH,60.0,64.0,800.0,Good,500 - 1000 CMH
94,FABER Hood,FABER,8027,3.7,67% off,4.0,1350 CMH,60.0,67.0,1350.0,Good,1000 - 1500 CMH
95,WONDERCHEF Power,WONDERCHEF,4499,4.1,51% off,449.0,1350 CMH,90.0,51.0,1350.0,Excellent,1000 - 1500 CMH
96,Glen ISPA,Glen,15490,4.4,46% off,5.0,1300 CMH,60.0,46.0,1300.0,Excellent,1000 - 1500 CMH
97,FABER HOOD,FABER,15499,4.1,47% off,46.0,1450 CMH,60.0,47.0,1450.0,Excellent,1000 - 1500 CMH
98,FABER Hood,FABER,6898,3.7,40% off,206.0,1150 CMH,90.0,40.0,1150.0,Good,1000 - 1500 CMH
99,Hindware Marvia,Hindware,28340,4.4,67% off,0.0,1250 CMH,58.0,67.0,1250.0,Excellent,1000 - 1500 CMH
100,SURYA Push,SURYA,8177,4.1,63% off,1.0,1450 CMH,60.0,63.0,1450.0,Excellent,1000 - 1500 CMH
101,Hindware Smart,Hindware,14999,4.2,59% off,7.0,1450 CMH,60.0,59.0,1450.0,Excellent,1000 - 1500 CMH
102,Hindware Smart,Hindware,17490,4.1,57% off,30.0,1200 CMH,90.0,57.0,1200.0,Excellent,1000 - 1500 CMH
103,Amplesta Sereno,Amplesta,7490,4.3,48% off,46.0,1350 CMH,60.0,48.0,1350.0,Excellent,1000 - 1500 CMH
104,Amplesta Sereno,Amplesta,11590,4.1,67% off,139.0,1000 CMH,90.0,67.0,1000.0,Excellent,500 - 1000 CMH
105,Elica SPT,Elica,9869,3.6,62% off,338.0,800 CMH,90.0,62.0,800.0,Good,500 - 1000 CMH
106,FABER HOOD,FABER,12877,4.4,63% off,494.0,1050 CMH,90.0,63.0,1050.0,Excellent,1000 - 1500 CMH
107,Koche STARK,Koche,17990,4.4,52% off,26.0,1500 CMH,60.0,52.0,1500.0,Excellent,1000 - 1500 CMH
108,Koche STARK,Koche,17990,3.7,1% off,4.0,1350 CMH,90.0,1.0,1350.0,Good,1000 - 1500 CMH
109,Hindware Smart,Hindware,8177,4.3,30% off,34.0,1200 CMH,90.0,30.0,1200.0,Excellent,1000 - 1500 CMH
110,ZENPURE Nadia,ZENPURE,14999,4.2,67% off,226.0,1500 CMH,60.0,67.0,1500.0,Excellent,1000 - 1500 CMH
111,LIVPURE EMERALD,LIVPURE,17490,4.3,48% off,12.0,1425 CMH,90.0,48.0,1425.0,Excellent,1000 - 1500 CMH
112,FABER HOOD,FABER,10490,4.3,74% off,5.0,1600 CMH,60.0,74.0,1600.0,Excellent,1500 -2000 CHM
113,Koche LAURA,Koche,3578,3.8,71% off,9.0,1250 CMH,75.0,71.0,1250.0,Good,1000 - 1500 CMH
114,Koche LAURA,Koche,10490,4.1,64% off,19.0,1250 CMH,60.0,64.0,1250.0,Excellent,1000 - 1500 CMH
115,Elica PRO,Elica,12999,4.1,48% off,48.0,1200 CMH,90.0,48.0,1200.0,Excellent,1000 - 1500 CMH
116,FABER HOOD,FABER,8459,4.3,62% off,26.0,1100 CMH,60.0,62.0,1100.0,Excellent,1000 - 1500 CMH
117,FABER HOOD,FABER,7399,3.8,54% off,594.0,800 CMH,60.0,54.0,800.0,Good,500 - 1000 CMH
118,FABER Hood,FABER,13999,3.7,65% off,139.0,1500 CMH,90.0,65.0,1500.0,Good,1000 - 1500 CMH
119,FABER Hood,FABER,12499,4.4,64% off,122.0,1250 CMH,75.0,64.0,1250.0,Excellent,1000 - 1500 CMH
120,FABER HOOD,FABER,4147,4.3,60% off,112.0,1350 CMH,90.0,60.0,1350.0,Excellent,1000 - 1500 CMH
121,Hindware Smart,Hindware,4981,4.3,58% off,48.0,1100 CMH,90.0,58.0,1100.0,Excellent,1000 - 1500 CMH
122,Beyond Appliances,Beyond,12249,4.1,76% off,28.0,1400 CMH,60.0,76.0,1400.0,Excellent,1000 - 1500 CMH
123,FABER HOOD,FABER,6898,3.7,67% off,19.0,1150 CMH,90.0,67.0,1150.0,Good,1000 - 1500 CMH
124,FABER Hood,FABER,3998,4.1,67% off,14.0,1350 CMH,60.0,67.0,1350.0,Excellent,1000 - 1500 CMH
125,Whirlpool CGFL,Whirlpool,17290,4.2,60% off,61.0,1408 CMH,90.0,60.0,1408.0,Excellent,1000 - 1500 CMH
126,Amplesta Sereno,Amplesta,17490,3.7,54% off,4.0,1250 CMH,75.0,54.0,1250.0,Good,1000 - 1500 CMH
127,Amplesta Sereno,Amplesta,7490,3.7,41% off,13.0,1200 CMH,60.0,41.0,1200.0,Good,1000 - 1500 CMH
128,Sunflame Lamia,Sunflame,16989,4.2,67% off,36.0,1400 CMH,60.0,67.0,1400.0,Excellent,1000 - 1500 CMH
129,Kenstar VENTI,Kenstar,10057,4.0,63% off,46.0,1350 CMH,90.0,63.0,1350.0,Good,1000 - 1500 CMH
130,LIVPURE ETERNA,LIVPURE,11799,4.3,66% off,312.0,1400 CMH,60.0,66.0,1400.0,Excellent,1000 - 1500 CMH
131,FABER HOOD,FABER,9869,4.2,42% off,91.0,1200 CMH,60.0,42.0,1200.0,Excellent,1000 - 1500 CMH
132,Koche STARK,Koche,28340,4.3,48% off,46.0,1350 CMH,90.0,48.0,1350.0,Excellent,1000 - 1500 CMH
133,Koche ENZO,Koche,4192,4.1,67% off,1.0,1250 CMH,75.0,67.0,1250.0,Excellent,1000 - 1500 CMH
134,Glen 6060,Glen,18790,4.0,43% off,285.0,1100 CMH,60.0,43.0,1100.0,Good,1000 - 1500 CMH
135,Glen ISPA,Glen,12170,4.0,50% off,110.0,1400 CMH,90.0,50.0,1400.0,Good,1000 - 1500 CMH
136,Koche STARK,Koche,12599,4.4,71% off,46.0,1500 CMH,60.0,71.0,1500.0,Excellent,1000 - 1500 CMH
137,Koche LAURA,Koche,12249,3.9,56% off,72.0,800 CMH,60.0,56.0,800.0,Good,500 - 1000 CMH
138,Kaff NORA,Kaff,18790,3.9,67% off,80.0,1400 CMH,90.0,67.0,1400.0,Good,1000 - 1500 CMH
139,FABER Hood,FABER,4192,4.4,71% off,60.0,1250 CMH,60.0,71.0,1250.0,Excellent,1000 - 1500 CMH
140,Glen Ispa,Glen,3578,4.0,78% off,73.0,1200 CMH,60.0,78.0,1200.0,Good,1000 - 1500 CMH
141,RUWA VIVA,RUWA,7399,3.8,64% off,594.0,800 CMH,60.0,64.0,800.0,Good,500 - 1000 CMH
142,Kaff KEC60A,Kaff,24941,3.7,60% off,46.0,1150 CMH,60.0,60.0,1150.0,Good,1000 - 1500 CMH
143,Kutchina Flora,Kutchina,15900,4.3,70% off,52.0,1200 CMH,76.0,70.0,1200.0,Excellent,1000 - 1500 CMH
144,BLOWHOT Evana,BLOWHOT,17389,4.1,49% off,108.0,1300 CMH,90.0,49.0,1300.0,Excellent,1000 - 1500 CMH
145,Hindware Smart,Hindware,19499,4.1,56% off,206.0,1250 CMH,60.0,56.0,1250.0,Excellent,1000 - 1500 CMH
146,Amplesta Sereno,Amplesta,13999,3.7,65% off,139.0,1500 CMH,90.0,65.0,1500.0,Good,1000 - 1500 CMH
147,Hindware Smart,Hindware,3998,4.1,67% off,110.0,1350 CMH,60.0,67.0,1350.0,Excellent,1000 - 1500 CMH
148,FABER Hood,FABER,11699,4.1,67% off,133.0,1350 CMH,60.0,67.0,1350.0,Excellent,1000 - 1500 CMH
149,BLOWHOT Evana,BLOWHOT,11999,4.3,59% off,52.0,1500 CMH,90.0,59.0,1500.0,Excellent,1000 - 1500 CMH
150,LIVPURE Ether,LIVPURE,17490,4.3,63% off,34.0,1500 CMH,90.0,63.0,1500.0,Excellent,1000 - 1500 CMH
151,Amplesta Sereno,Amplesta,7490,3.7,67% off,26.0,1250 CMH,60.0,67.0,1250.0,Good,1000 - 1500 CMH
152,FABER Hood,FABER,10997,4.3,63% off,4.0,1350 CMH,90.0,63.0,1350.0,Excellent,1000 - 1500 CMH
153,FABER HOOD,FABER,7499,4.5,30% off,16.0,1500 CMH,75.0,30.0,1500.0,Excellent,1000 - 1500 CMH
154,FABER HOOD,FABER,12999,4.5,68% off,41.0,1500 CMH,90.0,68.0,1500.0,Excellent,1000 - 1500 CMH
155,FABER Hood,FABER,8990,4.1,52% off,9.0,1350 CMH,60.0,52.0,1350.0,Excellent,1000 - 1500 CMH
156,FABER HOOD,FABER,28340,4.4,69% off,19.0,1350 CMH,90.0,69.0,1350.0,Excellent,1000 - 1500 CMH
157,Whirlpool CGFL,Whirlpool,7199,4.3,48% off,37.0,1600 CMH,75.0,48.0,1600.0,Excellent,1500 -2000 CHM
158,FABER HOOD,FABER,24669,4.4,67% off,9.0,1250 CMH,75.0,67.0,1250.0,Excellent,1000 - 1500 CMH
159,Kutchina VIRGOSE,Kutchina,15999,4.3,44% off,6.0,1400 CMH,75.0,44.0,1400.0,Excellent,1000 - 1500 CMH
160,Beyond Appliances,Beyond,6576,3.9,66% off,9.0,1250 CMH,60.0,66.0,1250.0,Good,1000 - 1500 CMH
161,Amplesta EcoFlow,Amplesta,6371,3.7,67% off,46.0,800 CMH,60.0,67.0,800.0,Good,500 - 1000 CMH
162,ZENPURE Nadia,ZENPURE,12990,3.7,67% off,4.0,1350 CMH,75.0,67.0,1350.0,Good,1000 - 1500 CMH
163,RUWA Citrine,RUWA,10490,4.1,46% off,2.0,1100 CMH,60.0,46.0,1100.0,Excellent,1000 - 1500 CMH
164,SURYA Push,SURYA,6576,3.9,59% off,72.0,1250 CMH,60.0,59.0,1250.0,Good,1000 - 1500 CMH
165,RUWA VIVA,RUWA,8990,3.8,71% off,594.0,800 CMH,60.0,71.0,800.0,Good,500 - 1000 CMH
166,Kaff KEC60A,Kaff,12990,3.7,39% off,4.0,1350 CMH,60.0,39.0,1350.0,Good,1000 - 1500 CMH
167,Glen Kara,Glen,17389,4.3,64% off,23.0,1100 CMH,60.0,64.0,1100.0,Excellent,1000 - 1500 CMH
168,FABER HOOD,FABER,10997,4.1,60% off,30.0,1100 CMH,60.0,60.0,1100.0,Excellent,1000 - 1500 CMH
169,Beyond Appliances,Beyond,9990,3.9,46% off,26.0,1200 CMH,60.0,46.0,1200.0,Good,1000 - 1500 CMH
170,Glen Kara,Glen,12780,4.1,42% off,30.0,1425 CMH,90.0,42.0,1425.0,Excellent,1000 - 1500 CMH
171,Hindware Smart,Hindware,3578,4.1,67% off,46.0,1450 CMH,60.0,67.0,1450.0,Excellent,1000 - 1500 CMH
172,Amplesta Sereno,Amplesta,7399,3.7,67% off,206.0,1150 CMH,90.0,67.0,1150.0,Good,1000 - 1500 CMH
173,LIVPURE Evora,LIVPURE,11890,4.2,64% off,9.0,1250 CMH,90.0,64.0,1250.0,Excellent,1000 - 1500 CMH
174,Sunflame Bella,Sunflame,12971,4.0,73% off,0.0,1200 CMH,90.0,73.0,1200.0,Good,1000 - 1500 CMH
175,Amplesta Sereno,Amplesta,13999,3.7,39% off,46.0,1350 CMH,60.0,39.0,1350.0,Good,1000 - 1500 CMH
176,FABER Hood,FABER,3998,4.3,66% off,139.0,1000 CMH,90.0,66.0,1000.0,Excellent,500 - 1000 CMH
177,FABER Hood,FABER,10499,4.4,67% off,22.0,1200 CMH,90.0,67.0,1200.0,Excellent,1000 - 1500 CMH
178,Maplin Combo,Maplin,6599,4.1,63% off,748.0,1200 CMH,90.0,63.0,1200.0,Excellent,1000 - 1500 CMH
179,BLOWHOT ERICA,BLOWHOT,11190,4.1,50% off,231.0,1500 CMH,55.0,50.0,1500.0,Excellent,1000 - 1500 CMH
180,LIVPURE ALDER,LIVPURE,16990,3.1,58% off,6.0,1350 CMH,60.0,58.0,1350.0,Good,1000 - 1500 CMH
181,FABER HOOD,FABER,17490,4.1,48% off,26.0,1250 CMH,60.0,48.0,1250.0,Excellent,1000 - 1500 CMH
182,Amplesta EcoFlow,Amplesta,7490,3.7,67% off,4.0,1350 CMH,90.0,67.0,1350.0,Good,1000 - 1500 CMH
183,FABER HOOD,FABER,19490,4.3,48% off,494.0,1100 CMH,90.0,48.0,1100.0,Excellent,1000 - 1500 CMH
184,Crompton CHD,Crompton,19990,4.2,46% off,7.0,1400 CMH,5.0,46.0,1400.0,Excellent,1000 - 1500 CMH
185,ZENPURE Nadia,ZENPURE,28340,4.1,60% off,19.0,1250 CMH,60.0,60.0,1250.0,Excellent,1000 - 1500 CMH
186,Hindware Smart,Hindware,4192,4.1,66% off,46.0,1250 CMH,75.0,66.0,1250.0,Excellent,1000 - 1500 CMH
187,FABER Hood,FABER,15999,4.0,64% off,12.0,1200 CMH,75.0,64.0,1200.0,Good,1000 - 1500 CMH
188,RUWA RAVE,RUWA,25899,4.6,60% off,6.0,1300 CMH,75.0,60.0,1300.0,Excellent,1000 - 1500 CMH
189,FABER HOOD,FABER,5357,4.3,46% off,250.0,1200 CMH,60.0,46.0,1200.0,Excellent,1000 - 1500 CMH
190,FABER Hood,FABER,27549,4.3,61% off,215.0,1500 CMH,75.0,61.0,1500.0,Excellent,1000 - 1500 CMH
191,RUWA VIVA,RUWA,7199,3.8,67% off,28.0,800 CMH,90.0,67.0,800.0,Good,500 - 1000 CMH
192,Kaff KEC60A,Kaff,6576,3.7,67% off,50.0,1350 CMH,90.0,67.0,1350.0,Good,1000 - 1500 CMH
193,RUWA GARNET,RUWA,6576,4.0,61% off,16.0,800 CMH,60.0,61.0,800.0,Good,500 - 1000 CMH
194,LIVPURE LIV,LIVPURE,19490,4.0,71% off,3.0,1350 CMH,60.0,71.0,1350.0,Good,1000 - 1500 CMH
195,Amplesta Sereno,Amplesta,6599,3.7,41% off,10.0,1450 CMH,60.0,41.0,1450.0,Good,1000 - 1500 CMH
196,Hindware Smart,Hindware,5357,4.1,38% off,372.0,1150 CMH,75.0,38.0,1150.0,Excellent,1000 - 1500 CMH
197,FABER Hood,FABER,4192,4.3,67% off,4.0,1500 CMH,60.0,67.0,1500.0,Excellent,1000 - 1500 CMH
198,AMBBER MARVEL,AMBBER,5271,4.2,30% off,2672.0,1200 CMH,90.0,30.0,1200.0,Excellent,1000 - 1500 CMH
199,Elica EFL,Elica,3830,4.3,81% off,21.0,1250 CMH,60.0,81.0,1250.0,Excellent,1000 - 1500 CMH
200,Sunflame Lamia,Sunflame,3578,3.6,36% off,15.0,1500 CMH,60.0,36.0,1500.0,Good,1000 - 1500 CMH
201,Amplesta Sereno,Amplesta,10490,3.7,48% off,37.0,1350 CMH,60.0,48.0,1350.0,Good,1000 - 1500 CMH
202,Amplesta EcoFlow,Amplesta,12170,3.7,67% off,16.0,1000 CMH,90.0,67.0,1000.0,Good,500 - 1000 CMH
203,FABER Hood,FABER,11499,4.4,44% off,112.0,1200 CMH,60.0,44.0,1200.0,Excellent,1000 - 1500 CMH
204,FABER HOOD,FABER,10999,4.4,49% off,32.0,1200 CMH,90.0,49.0,1200.0,Excellent,1000 - 1500 CMH
205,FABER Hood,FABER,12599,4.3,51% off,17.0,1500 CMH,75.0,51.0,1500.0,Excellent,1000 - 1500 CMH
206,FABER HOOD,FABER,7399,4.1,54% off,41.0,1350 CMH,60.0,54.0,1350.0,Excellent,1000 - 1500 CMH
207,Elica WDFL,Elica,13999,4.1,63% off,32.0,1000 CMH,60.0,63.0,1000.0,Excellent,500 - 1000 CMH
208,Kutchina Signia,Kutchina,15679,4.1,73% off,52.0,1400 CMH,60.0,73.0,1400.0,Excellent,1000 - 1500 CMH
209,FABER HOOD,FABER,16690,4.2,68% off,114.0,1350 CMH,75.0,68.0,1350.0,Excellent,1000 - 1500 CMH
210,Kutchina FASCINO,Kutchina,6898,4.1,44% off,10.0,1250 CMH,60.0,44.0,1250.0,Excellent,1000 - 1500 CMH
211,RUWA VIVA,RUWA,3998,3.8,64% off,594.0,800 CMH,60.0,64.0,800.0,Good,500 - 1000 CMH
212,Kaff KEC60A,Kaff,28340,3.7,67% off,4.0,1150 CMH,90.0,67.0,1150.0,Good,1000 - 1500 CMH
213,Elica BFCG,Elica,9603,4.2,57% off,253.0,1350 CMH,56.0,57.0,1350.0,Excellent,1000 - 1500 CMH
214,Elica BLDC,Elica,10451,3.8,48% off,4.0,1250 CMH,60.0,48.0,1250.0,Good,1000 - 1500 CMH
215,Amplesta Sereno,Amplesta,5357,4.1,62% off,206.0,1250 CMH,90.0,62.0,1250.0,Excellent,1000 - 1500 CMH
216,Hindware Smart,Hindware,17490,3.7,44% off,46.0,1500 CMH,60.0,44.0,1500.0,Good,1000 - 1500 CMH
217,Elica FL,Elica,7490,4.3,67% off,206.0,Suction Capacity: 1200 CHM,90.0,67.0,1200.0,Excellent,1000 - 1500 CMH
218,Hindware Smart,Hindware,17290,4.2,63% off,11.0,1600 CMH,60.0,63.0,1600.0,Excellent,1500 -2000 CHM
219,Eurodomo HOOD,Eurodomo,9963,4.1,59% off,253.0,1200 CMH,90.0,59.0,1200.0,Excellent,1000 - 1500 CMH
220,FABER HOOD,FABER,4192,4.2,71% off,34.0,1200 CMH,60.0,71.0,1200.0,Excellent,1000 - 1500 CMH
221,Amplesta Sereno,Amplesta,7199,4.3,48% off,46.0,1350 CMH,75.0,48.0,1350.0,Excellent,1000 - 1500 CMH
222,Amplesta EcoFlow,Amplesta,5357,4.1,67% off,9.0,1350 CMH,60.0,67.0,1350.0,Excellent,1000 - 1500 CMH
223,Elica ESCG,Elica,16690,4.4,66% off,61.0,1100 CMH,90.0,66.0,1100.0,Excellent,1000 - 1500 CMH
224,Elica Strip,Elica,5271,4.1,54% off,535.0,880 CMH,60.0,54.0,880.0,Excellent,500 - 1000 CMH
225,FABER Hood,FABER,9963,4.4,65% off,26.0,1350 CMH,90.0,65.0,1350.0,Excellent,1000 - 1500 CMH
226,FABER HOOD,FABER,4192,3.9,62% off,4.0,800 CMH,75.0,62.0,800.0,Good,500 - 1000 CMH
227,Elica iSMART,Elica,6449,4.2,30% off,57.0,1425 CMH,60.0,30.0,1425.0,Excellent,1000 - 1500 CMH
228,HAVELLS GHKCNBMK0,HAVELLS,18418,4.1,67% off,0.0,1200 CMH,60.0,67.0,1200.0,Excellent,1000 - 1500 CMH
229,FABER HOOD,FABER,16990,4.2,46% off,21.0,1200 CMH,58.0,46.0,1200.0,Excellent,1000 - 1500 CMH
230,Ventair Fawn,Ventair,10970,4.1,51% off,3.0,1500 CMH,60.0,51.0,1500.0,Excellent,1000 - 1500 CMH
231,FABER Hood,FABER,3578,3.7,71% off,139.0,1350 CMH,60.0,71.0,1350.0,Good,1000 - 1500 CMH
232,RUWA PEARL,RUWA,10490,4.1,73% off,3.0,1100 CMH,60.0,73.0,1100.0,Excellent,1000 - 1500 CMH
233,Beyond Appliances,Beyond,3569,4.1,58% off,25.0,1200 CMH,60.0,58.0,1200.0,Excellent,1000 - 1500 CMH
234,Glen Soundpro,Glen,8699,4.6,38% off,61.0,1408 CMH,60.0,38.0,1408.0,Excellent,1000 - 1500 CMH
235,RUWA VIVA,RUWA,7399,4.2,69% off,594.0,800 CMH,60.0,69.0,800.0,Excellent,500 - 1000 CMH
236,Kaff KEC60A,Kaff,13999,3.7,36% off,4.0,1500 CMH,60.0,36.0,1500.0,Good,1000 - 1500 CMH
237,Glen 6063AC60,Glen,18090,4.1,64% off,17.0,1200 CMH,60.0,64.0,1200.0,Excellent,1000 - 1500 CMH
238,Sunflame Bella,Sunflame,4661,4.4,67% off,4.0,1100 CMH,60.0,67.0,1100.0,Excellent,1000 - 1500 CMH
239,Fabiano Cosmo,Fabiano,12999,4.1,47% off,46.0,1000 CMH,60.0,47.0,1000.0,Excellent,500 - 1000 CMH
240,Uplift Paradise,Uplift,10809,4.1,45% off,168.0,1550 CMH,90.0,45.0,1550.0,Excellent,1500 -2000 CHM
241,Hindware Smart,Hindware,6898,3.9,67% off,46.0,1150 CMH,60.0,67.0,1150.0,Good,1000 - 1500 CMH
242,Amplesta Sereno,Amplesta,3998,3.8,63% off,206.0,1350 CMH,90.0,63.0,1350.0,Good,1000 - 1500 CMH
243,Elica FL,Elica,17480,4.5,45% off,52.0,1200 CMH,90.0,45.0,1200.0,Excellent,1000 - 1500 CMH
244,Kaff KEC90A,Kaff,13799,4.1,64% off,17.0,1450 CMH,90.0,64.0,1450.0,Excellent,1000 - 1500 CMH
245,Amplesta Sereno,Amplesta,17490,4.0,38% off,46.0,1200 CMH,60.0,38.0,1200.0,Good,1000 - 1500 CMH
246,FABER Hood,FABER,7490,3.1,65% off,139.0,1250 CMH,90.0,65.0,1250.0,Good,1000 - 1500 CMH
247,Crompton CHD,Crompton,9999,4.0,48% off,43.0,1417 CMH,6.0,48.0,1417.0,Good,1000 - 1500 CMH
248,FABER HOOD,FABER,10339,3.6,67% off,41.0,1000 CMH,60.0,67.0,1000.0,Good,500 - 1000 CMH
249,BLOWHOT 60,BLOWHOT,8177,3.8,43% off,32.0,1500 CMH,60.0,43.0,1500.0,Good,1000 - 1500 CMH
250,Hindware Smart,Hindware,10990,4.1,56% off,34.0,1350 CMH,60.0,56.0,1350.0,Excellent,1000 - 1500 CMH
251,FABER Hood,FABER,8177,4.3,30% off,26.0,1350 CMH,60.0,30.0,1350.0,Excellent,1000 - 1500 CMH
252,FABER HOOD,FABER,4661,4.4,67% off,4.0,1350 CMH,90.0,67.0,1350.0,Excellent,1000 - 1500 CMH
253,RUWA GARNET,RUWA,13799,4.2,47% off,50.0,800 CMH,60.0,47.0,800.0,Excellent,500 - 1000 CMH
254,Amplesta Stella,Amplesta,18418,4.1,54% off,2.0,1350 CMH,60.0,54.0,1350.0,Excellent,1000 - 1500 CMH
255,Amplesta EcoFlow,Amplesta,17490,4.2,36% off,9.0,1250 CMH,60.0,36.0,1250.0,Excellent,1000 - 1500 CMH
256,ZENPURE Nadia,ZENPURE,3578,4.5,35% off,19.0,1500 CMH,75.0,35.0,1500.0,Excellent,1000 - 1500 CMH
257,Elica SPT,Elica,7399,5.0,67% off,202.0,1600 CMH,75.0,67.0,1600.0,Excellent,1500 -2000 CHM
258,Hindware Marcella,Hindware,17499,4.2,71% off,1.0,1700 CMH,90.0,71.0,1700.0,Excellent,1500 -2000 CHM
259,Kenstar VENTI,Kenstar,13999,4.1,55% off,11.0,1600 CMH,75.0,55.0,1600.0,Excellent,1500 -2000 CHM
260,Elica FL,Elica,13999,4.1,77% off,3.0,1000 CMH,60.0,77.0,1000.0,Excellent,500 - 1000 CMH
261,RUWA VIVA,RUWA,3998,3.8,64% off,594.0,800 CMH,60.0,64.0,800.0,Good,500 - 1000 CMH
262,Kaff KEC60A,Kaff,18790,3.7,67% off,4.0,1150 CMH,60.0,67.0,1150.0,Good,1000 - 1500 CMH
263,FABER HOOD,FABER,6576,4.7,40% off,45.0,1200 CMH,75.0,40.0,1200.0,Excellent,1000 - 1500 CMH
264,Gilma Pearl,Gilma,20990,3.4,40% off,1.0,800 CMH,60.0,40.0,800.0,Good,500 - 1000 CMH
265,Hindware Smart,Hindware,13352,4.1,33% off,206.0,1250 CMH,60.0,33.0,1250.0,Excellent,1000 - 1500 CMH
266,Amplesta Sereno,Amplesta,17490,3.7,62% off,46.0,1500 CMH,90.0,62.0,1500.0,Good,1000 - 1500 CMH
267,Hindware Sabina,Hindware,7490,3.4,67% off,893.0,1100 CMH,60.0,67.0,1100.0,Good,1000 - 1500 CMH
268,Hindware Smart,Hindware,5099,3.9,63% off,17.0,1350 CMH,75.0,63.0,1350.0,Good,1000 - 1500 CMH
269,Glen CH6050DXBLK60BF,Glen,16490,4.3,56% off,100.0,1000 CMH,60.0,56.0,1000.0,Excellent,500 - 1000 CMH
270,FABER HOOD,FABER,28340,4.1,62% off,0.0,1200 CMH,75.0,62.0,1200.0,Excellent,1000 - 1500 CMH
271,Amplesta Sereno,Amplesta,4192,3.7,48% off,46.0,1250 CMH,60.0,48.0,1250.0,Good,1000 - 1500 CMH
272,FABER Hood,FABER,9999,4.3,67% off,9.0,1350 CMH,90.0,67.0,1350.0,Excellent,1000 - 1500 CMH
273,FABER HOOD,FABER,5999,4.1,38% off,1.0,1200 CMH,60.0,38.0,1200.0,Excellent,1000 - 1500 CMH
274,FABER HOOD,FABER,12499,4.7,55% off,1.0,1200 CMH,75.0,55.0,1200.0,Excellent,1000 - 1500 CMH
275,FABER Hood,FABER,3599,4.1,57% off,26.0,1350 CMH,60.0,57.0,1350.0,Excellent,1000 - 1500 CMH
276,FABER HOOD,FABER,7199,4.4,61% off,4.0,1350 CMH,90.0,61.0,1350.0,Excellent,1000 - 1500 CMH
277,RUWA PEARL,RUWA,6708,4.1,30% off,19.0,1100 CMH,60.0,30.0,1100.0,Excellent,1000 - 1500 CMH
278,FABER HOOD,FABER,6990,3.2,67% off,13.0,1500 CMH,90.0,67.0,1500.0,Good,1000 - 1500 CMH
279,Eurodomo Hood,Eurodomo,23999,3.9,55% off,497.0,1200 CMH,60.0,55.0,1200.0,Good,1000 - 1500 CMH
280,FABER Janus,FABER,6576,4.2,52% off,34.0,1000 CMH,90.0,52.0,1000.0,Excellent,500 - 1000 CMH
281,Amplesta EcoFlow,Amplesta,6990,3.7,71% off,139.0,800 CMH,60.0,71.0,800.0,Good,500 - 1000 CMH
282,ZENPURE Nadia,ZENPURE,6708,3.7,73% off,3.0,1350 CMH,75.0,73.0,1350.0,Good,1000 - 1500 CMH
283,Hindware Smart,Hindware,3599,4.1,71% off,86.0,1500 CMH,90.0,71.0,1500.0,Excellent,1000 - 1500 CMH
284,Eurodomo HOOD,Eurodomo,23999,4.3,20% off,43.0,1425 CMH,90.0,20.0,1425.0,Excellent,1000 - 1500 CMH
285,FABER HOOD,FABER,3578,3.8,62% off,594.0,800 CMH,60.0,62.0,800.0,Good,500 - 1000 CMH
286,FABER Hood,FABER,10490,3.7,60% off,46.0,1150 CMH,60.0,60.0,1150.0,Good,1000 - 1500 CMH
287,Crompton CHD,Crompton,15981,4.1,64% off,53.0,1400 CMH,90.0,64.0,1400.0,Excellent,1000 - 1500 CMH
288,FABER HOOD,FABER,9869,4.8,67% off,0.0,1200 CMH,75.0,67.0,1200.0,Excellent,1000 - 1500 CMH
289,Ventair India,Ventair,4499,4.2,53% off,5.0,1250 CMH,60.0,53.0,1250.0,Excellent,1000 - 1500 CMH
290,Hindware Smart,Hindware,13410,3.9,72% off,5.0,1200 CMH,60.0,72.0,1200.0,Good,1000 - 1500 CMH
291,FABER HOOD,FABER,7399,4.1,67% off,206.0,1500 CMH,60.0,67.0,1500.0,Excellent,1000 - 1500 CMH
292,FABER Hood,FABER,13999,3.7,63% off,139.0,1250 CMH,90.0,63.0,1250.0,Good,1000 - 1500 CMH
293,Kutchina Flashy,Kutchina,12599,4.4,55% off,1.0,1500 CMH,60.0,55.0,1500.0,Excellent,1000 - 1500 CMH
294,Hindware Smart,Hindware,11990,4.2,64% off,13.0,1200 CMH,75.0,64.0,1200.0,Excellent,1000 - 1500 CMH
295,Amplesta Sereno,Amplesta,6898,4.3,18% off,26.0,1350 CMH,60.0,18.0,1350.0,Excellent,1000 - 1500 CMH
296,Amplesta Sereno,Amplesta,3998,4.1,38% off,4.0,1350 CMH,90.0,38.0,1350.0,Excellent,1000 - 1500 CMH
297,FABER HOOD,FABER,13899,4.1,48% off,338.0,1400 CMH,59.0,48.0,1400.0,Excellent,1000 - 1500 CMH
298,Elica FL,Elica,7175,4.4,67% off,18.0,1200 CMH,90.0,67.0,1200.0,Excellent,1000 - 1500 CMH
299,FABER HOOD,FABER,11690,4.2,48% off,17.0,1700 CMH,60.0,48.0,1700.0,Excellent,1500 -2000 CHM
300,Ardnib Beeta,Ardnib,12971,4.1,39% off,5.0,1000 CMH,60.0,39.0,1000.0,Excellent,500 - 1000 CMH
301,Koche ENZO,Koche,17490,4.4,30% off,9.0,1350 CMH,90.0,30.0,1350.0,Excellent,1000 - 1500 CMH
302,Koche ENZO,Koche,7490,3.7,67% off,19.0,800 CMH,60.0,67.0,800.0,Good,500 - 1000 CMH
303,Greenchef BK60CHIMNEY,Greenchef,3695,4.0,67% off,49.0,880 CMH,60.0,67.0,880.0,Good,500 - 1000 CMH
304,HAVELLS GHKCNBNK0,HAVELLS,7498,2.4,65% off,0.0,1200 CMH,56.0,65.0,1200.0,Average,1000 - 1500 CMH
305,Koche STARK,Koche,28340,3.8,66% off,46.0,1350 CMH,60.0,66.0,1350.0,Good,1000 - 1500 CMH
306,Koche LAURA,Koche,4192,4.1,69% off,4.0,1100 CMH,75.0,69.0,1100.0,Excellent,1000 - 1500 CMH
307,IVAS Zyara,IVAS,21419,4.1,64% off,34.0,1100 CMH,90.0,64.0,1100.0,Excellent,1000 - 1500 CMH
308,Omniya Turbo,Omniya,28997,4.6,60% off,34.0,1250 CMH,50.0,60.0,1250.0,Excellent,1000 - 1500 CMH
309,BLOWHOT 60cm,BLOWHOT,15981,4.1,56% off,5.0,2000 CMH,52.0,56.0,2000.0,Excellent,1500 -2000 CHM
310,Gilma Pearl,Gilma,12599,4.2,67% off,1.0,1350 CMH,75.0,67.0,1350.0,Excellent,1000 - 1500 CMH
311,FABER HOOD,FABER,4192,3.8,67% off,594.0,800 CMH,60.0,67.0,800.0,Good,500 - 1000 CMH
312,FABER Hood,FABER,17490,3.7,67% off,46.0,1150 CMH,60.0,67.0,1150.0,Good,1000 - 1500 CMH
313,Hindware Smart,Hindware,3695,4.1,1% off,585.0,1400 CMH,90.0,1.0,1400.0,Excellent,1000 - 1500 CMH
314,LIVPURE LIV,LIVPURE,7675,4.1,67% off,2.0,1300 CMH,75.0,67.0,1300.0,Excellent,1000 - 1500 CMH
315,FABER HOOD,FABER,35331,3.7,58% off,206.0,1250 CMH,60.0,58.0,1250.0,Good,1000 - 1500 CMH
316,FABER Hood,FABER,3578,4.1,49% off,139.0,1500 CMH,90.0,49.0,1500.0,Excellent,1000 - 1500 CMH
317,Glen CH6064AC60,Glen,7399,3.8,67% off,2.0,1350 CMH,90.0,67.0,1350.0,Good,1000 - 1500 CMH
318,Hindware Skyla,Hindware,25199,3.8,63% off,3.0,1200 CMH,60.0,63.0,1200.0,Good,1000 - 1500 CMH
319,Crompton CHD,Crompton,17990,4.0,57% off,34.0,1350 CMH,90.0,57.0,1350.0,Good,1000 - 1500 CMH
320,OMEN BRISTLE,OMEN,13999,4.2,61% off,34.0,1200 CMH,90.0,61.0,1200.0,Excellent,1000 - 1500 CMH
321,Amplesta Sereno,Amplesta,3998,3.7,48% off,26.0,1250 CMH,60.0,48.0,1250.0,Good,1000 - 1500 CMH
322,Amplesta Sereno,Amplesta,17290,3.7,67% off,4.0,1350 CMH,90.0,67.0,1350.0,Good,1000 - 1500 CMH
323,Glen CH,Glen,6371,4.0,24% off,0.0,1408 CMH,90.0,24.0,1408.0,Good,1000 - 1500 CMH
324,Hindware KYLIS,Hindware,19761,4.1,49% off,5.0,1250 CMH,108.0,49.0,1250.0,Excellent,1000 - 1500 CMH
325,Koche ENZO,Koche,4499,4.3,50% off,9.0,1350 CMH,60.0,50.0,1350.0,Excellent,1000 - 1500 CMH
326,Koche STARK,Koche,17490,4.1,49% off,19.0,1350 CMH,90.0,49.0,1350.0,Excellent,1000 - 1500 CMH
327,PADMINI HYPERVENT,PADMINI,7490,4.6,30% off,34.0,1250 CMH,60.0,30.0,1250.0,Excellent,1000 - 1500 CMH
328,FULTON T,FULTON,11388,4.1,67% off,9.0,1350 CMH,90.0,67.0,1350.0,Excellent,1000 - 1500 CMH
329,Glen Sail,Glen,14899,4.0,68% off,80.0,1200 CMH,5.0,68.0,1200.0,Good,1000 - 1500 CMH
330,MarQ by,MarQ,28340,4.1,50% off,1.0,1400 CMH,90.0,50.0,1400.0,Excellent,1000 - 1500 CMH
331,RUWA VIVA,RUWA,7199,3.8,64% off,594.0,800 CMH,60.0,64.0,800.0,Good,500 - 1000 CMH
332,Amplesta Sereno,Amplesta,7898,3.7,60% off,4.0,1350 CMH,90.0,60.0,1350.0,Good,1000 - 1500 CMH
333,LIVPURE LIV,LIVPURE,11970,3.3,49% off,328.0,1250 CMH,60.0,49.0,1250.0,Good,1000 - 1500 CMH
334,Elica FL,Elica,19590,4.3,24% off,34.0,1350 CMH,90.0,24.0,1350.0,Excellent,1000 - 1500 CMH
335,Hindware Smart,Hindware,21290,4.1,60% off,46.0,1450 CMH,90.0,60.0,1450.0,Excellent,1000 - 1500 CMH
336,Amplesta Sereno,Amplesta,6576,3.7,33% off,206.0,1150 CMH,75.0,33.0,1150.0,Good,1000 - 1500 CMH
337,RUWA PEARL,RUWA,6708,3.9,67% off,2.0,1250 CMH,60.0,67.0,1250.0,Good,1000 - 1500 CMH
338,Carysil KIA,Carysil,6576,4.1,67% off,2.0,1400 CMH,90.0,67.0,1400.0,Excellent,1000 - 1500 CMH
339,Kaff NERO,Kaff,35331,4.3,1% off,7.0,Suction Capacity: 1080 mÂ³/h,65.0,1.0,1080.0,Excellent,1000 - 1500 CMH
340,HAVELLS GHKCNAXK000,HAVELLS,17490,3.4,60% off,34.0,750 CMH,60.0,60.0,750.0,Good,500 - 1000 CMH
341,Amplesta EcoFlow,Amplesta,14899,4.3,67% off,46.0,1350 CMH,60.0,67.0,1350.0,Excellent,1000 - 1500 CMH
342,FABER Hood,FABER,25199,4.1,63% off,139.0,1000 CMH,60.0,63.0,1000.0,Excellent,500 - 1000 CMH
343,Sunflame Venza,Sunflame,29500,4.3,55% off,28.0,1100 CMH,60.0,55.0,1100.0,Excellent,1000 - 1500 CMH
344,Greenchef Range,Greenchef,35331,4.7,54% off,9.0,1250 CMH,60.0,54.0,1250.0,Excellent,1000 - 1500 CMH
345,FABER HOOD,FABER,3578,4.4,24% off,26.0,1500 CMH,90.0,24.0,1500.0,Excellent,1000 - 1500 CMH
346,FABER Hood,FABER,10490,3.7,66% off,4.0,1350 CMH,75.0,66.0,1350.0,Good,1000 - 1500 CMH
347,Hindware ZINNIA,Hindware,21169,2.5,48% off,43.0,1350 CMH,75.0,48.0,1350.0,Average,1000 - 1500 CMH
348,Hindware Oasis,Hindware,10199,4.2,67% off,1.0,1200 CMH,90.0,67.0,1200.0,Excellent,1000 - 1500 CMH
349,Kaff VASCO,Kaff,11199,3.5,44% off,11.0,1250 CMH,60.0,44.0,1250.0,Good,1000 - 1500 CMH
350,Greenchef Range,Greenchef,3599,4.1,64% off,34.0,1550 CMH,60.0,64.0,1550.0,Excellent,1500 -2000 CHM
351,Amplesta Sereno,Amplesta,13999,3.8,30% off,9.0,1250 CMH,60.0,30.0,1250.0,Good,1000 - 1500 CMH
352,RUWA RAVE,RUWA,7399,4.1,67% off,19.0,1250 CMH,60.0,67.0,1250.0,Excellent,1000 - 1500 CMH
353,Midea 90V11,Midea,18429,4.0,51% off,1.0,1250 CMH,50.0,51.0,1250.0,Good,1000 - 1500 CMH
354,Carysil Vista,Carysil,12499,4.1,67% off,0.0,1350 CMH,90.0,67.0,1350.0,Excellent,1000 - 1500 CMH
355,FABER HOOD,FABER,6898,3.8,18% off,594.0,800 CMH,60.0,18.0,800.0,Good,500 - 1000 CMH
356,FABER Hood,FABER,28340,3.7,42% off,46.0,1150 CMH,90.0,42.0,1150.0,Good,1000 - 1500 CMH
357,Hindware Divina,Hindware,18599,4.1,64% off,34.0,1100 CMH,90.0,64.0,1100.0,Excellent,1000 - 1500 CMH
358,Hindware EVITA,Hindware,12290,4.0,67% off,1.0,1800 CMH,5.0,67.0,1800.0,Good,1500 -2000 CHM
359,Flowtric Westerlies,Flowtric,18999,4.1,67% off,34.0,1500 CMH,90.0,67.0,1500.0,Excellent,1000 - 1500 CMH
360,Uplift Disco,Uplift,8998,3.4,53% off,2.0,1350 CMH,90.0,53.0,1350.0,Good,1000 - 1500 CMH
361,FABER HOOD,FABER,17490,4.1,67% off,206.0,1250 CMH,90.0,67.0,1250.0,Excellent,1000 - 1500 CMH
362,FABER Hood,FABER,7490,3.7,63% off,9.0,1500 CMH,60.0,63.0,1500.0,Good,1000 - 1500 CMH
363,PADMINI RACER,PADMINI,5829,4.1,69% off,34.0,1400 CMH,60.0,69.0,1400.0,Excellent,1000 - 1500 CMH
364,sakash Shakti,sakash,12990,4.1,45% off,34.0,1350 CMH,60.0,45.0,1350.0,Excellent,1000 - 1500 CMH
365,Amplesta Sereno,Amplesta,3998,4.3,54% off,139.0,1250 CMH,75.0,54.0,1250.0,Excellent,1000 - 1500 CMH
366,Amplesta Sereno,Amplesta,6708,4.1,52% off,26.0,1350 CMH,60.0,52.0,1350.0,Excellent,1000 - 1500 CMH
367,FABER HOOD,FABER,8998,5.0,48% off,1.0,1400 CMH,60.0,48.0,1400.0,Excellent,1000 - 1500 CMH
368,zinex NAPTUNE,zinex,6708,4.1,67% off,34.0,1300 CMH,60.0,67.0,1300.0,Excellent,1000 - 1500 CMH
369,Hindware CHROMIA,Hindware,10199,4.1,11% off,34.0,1250 CMH,60.0,11.0,1250.0,Excellent,1000 - 1500 CMH
370,Hindware FLORENCE,Hindware,11199,4.3,43% off,1.0,1350 CMH,90.0,43.0,1350.0,Excellent,1000 - 1500 CMH
371,Koche STARK,Koche,3599,4.4,30% off,4.0,1350 CMH,90.0,30.0,1350.0,Excellent,1000 - 1500 CMH
372,Koche ENZO,Koche,10119,3.9,67% off,19.0,1350 CMH,60.0,67.0,1350.0,Good,1000 - 1500 CMH
373,Preethi KH307,Preethi,27800,4.1,47% off,34.0,1200 CMH,60.0,47.0,1200.0,Excellent,1000 - 1500 CMH
374,Crompton CHD,Crompton,10990,3.6,57% off,6.0,1350 CMH,5.0,57.0,1350.0,Good,1000 - 1500 CMH
375,Koche ENZO,Koche,7040,3.7,49% off,46.0,800 CMH,75.0,49.0,800.0,Good,500 - 1000 CMH
376,Koche ENZO,Koche,3578,3.8,46% off,4.0,1350 CMH,60.0,46.0,1350.0,Good,1000 - 1500 CMH
377,PADMINI DELTA,PADMINI,7399,4.1,67% off,34.0,1200 CMH,60.0,67.0,1200.0,Excellent,1000 - 1500 CMH
378,Wizard HAVANA,Wizard,12699,4.1,71% off,34.0,1550 CMH,90.0,71.0,1550.0,Excellent,1500 -2000 CHM
379,Inalsa Zylo,Inalsa,11999,3.3,34% off,18.0,1400 CMH,60.0,34.0,1400.0,Good,1000 - 1500 CMH
380,Kaff ASHPRO,Kaff,13999,4.1,65% off,34.0,1000 CMH,60.0,65.0,1000.0,Excellent,500 - 1000 CMH
381,RUWA VIVA,RUWA,3998,3.8,33% off,594.0,800 CMH,60.0,33.0,800.0,Good,500 - 1000 CMH
382,Kaff KEC60A,Kaff,11959,3.7,33% off,4.0,1350 CMH,60.0,33.0,1350.0,Good,1000 - 1500 CMH
383,Oooele Aartiz,Oooele,12971,4.1,51% off,34.0,1200 CMH,60.0,51.0,1200.0,Excellent,1000 - 1500 CMH
384,Kaff Rosett,Kaff,33095,4.1,31% off,2.0,1400 CMH,60.0,31.0,1400.0,Excellent,1000 - 1500 CMH
385,Amplesta Sereno,Amplesta,10999,4.1,57% off,46.0,1450 CMH,60.0,57.0,1450.0,Excellent,1000 - 1500 CMH
386,Hindware Smart,Hindware,17490,4.1,71% off,206.0,1150 CMH,90.0,71.0,1150.0,Excellent,1000 - 1500 CMH
387,Mercy Appliance,Mercy,7490,3.7,55% off,34.0,1250 CMH,60.0,55.0,1250.0,Good,1000 - 1500 CMH
388,ZENPURE NADIA90CM,ZENPURE,15077,4.1,28% off,34.0,1300 CMH,90.0,28.0,1300.0,Excellent,1000 - 1500 CMH
389,Hindware Essence,Hindware,11509,3.5,70% off,34.0,1250 CMH,75.0,70.0,1250.0,Good,1000 - 1500 CMH
390,Flowtric Westerlies,Flowtric,28340,4.1,15% off,34.0,1300 CMH,90.0,15.0,1300.0,Excellent,1000 - 1500 CMH
391,Amplesta Sereno,Amplesta,4192,3.7,46% off,46.0,1350 CMH,60.0,46.0,1350.0,Good,1000 - 1500 CMH
392,Amplesta EcoFlow,Amplesta,7272,3.7,65% off,139.0,1000 CMH,90.0,65.0,1000.0,Good,500 - 1000 CMH
393,Uplift Disco,Uplift,5699,4.1,71% off,2.0,1200 CMH,90.0,71.0,1200.0,Excellent,1000 - 1500 CMH
394,Prestige 41841,Prestige,6988,3.0,38% off,1.0,1250 CMH,63.0,38.0,1250.0,Average,1000 - 1500 CMH
395,FABER Hood,FABER,7399,4.1,49% off,26.0,1500 CMH,60.0,49.0,1500.0,Excellent,1000 - 1500 CMH
396,FABER HOOD,FABER,11959,4.1,54% off,4.0,1250 CMH,90.0,54.0,1250.0,Excellent,1000 - 1500 CMH
397,FABER Hood,FABER,12699,4.3,49% off,2.0,1100 CMH,60.0,49.0,1100.0,Excellent,1000 - 1500 CMH
398,Ardnib Nova,Ardnib,4192,4.1,61% off,4.0,1600 CMH,60.0,61.0,1600.0,Excellent,1500 -2000 CHM
399,Glen 6076,Glen,17490,4.5,67% off,34.0,1400 CMH,60.0,67.0,1400.0,Excellent,1000 - 1500 CMH
400,Hindflame Smart,Hindflame,3578,2.4,45% off,34.0,1200 CMH,60.0,45.0,1200.0,Average,1000 - 1500 CMH
401,FABER Hood,FABER,10490,4.4,67% off,9.0,1350 CMH,60.0,67.0,1350.0,Excellent,1000 - 1500 CMH
402,RUWA PEARL,RUWA,13499,3.9,67% off,19.0,1250 CMH,75.0,67.0,1250.0,Good,1000 - 1500 CMH
403,Hindware DARCIA,Hindware,13999,4.1,28% off,1.0,1200 CMH,60.0,28.0,1200.0,Excellent,1000 - 1500 CMH
404,CAPS CRAFTY,CAPS,7399,4.1,52% off,34.0,1400 CMH,75.0,52.0,1400.0,Excellent,1000 - 1500 CMH
405,RUWA VIVA,RUWA,36504,4.1,37% off,594.0,800 CMH,60.0,37.0,800.0,Excellent,500 - 1000 CMH
406,Kaff KEC60A,Kaff,12199,4.1,72% off,4.0,1150 CMH,60.0,72.0,1150.0,Excellent,1000 - 1500 CMH
407,PADMINI DELTA,PADMINI,13099,3.8,64% off,34.0,1450 CMH,60.0,64.0,1450.0,Good,1000 - 1500 CMH
408,Wizard HAVANA,Wizard,6898,3.7,60% off,34.0,1400 CMH,90.0,60.0,1400.0,Good,1000 - 1500 CMH
409,Hindware ZINNIA,Hindware,28340,4.1,25% off,5.0,1350 CMH,90.0,25.0,1350.0,Excellent,1000 - 1500 CMH
410,Hindware Divina,Hindware,9869,3.0,40% off,34.0,1200 CMH,90.0,40.0,1200.0,Average,1000 - 1500 CMH
411,Amplesta Sereno,Amplesta,13299,3.9,67% off,46.0,1500 CMH,90.0,67.0,1500.0,Good,1000 - 1500 CMH
412,Hindware Smart,Hindware,17490,4.1,67% off,206.0,1250 CMH,90.0,67.0,1250.0,Excellent,1000 - 1500 CMH
413,Hindware Oasis,Hindware,7490,4.1,46% off,2.0,1200 CMH,60.0,46.0,1200.0,Excellent,1000 - 1500 CMH
414,Sunflame Chimney,Sunflame,13490,4.1,43% off,3.0,1230 CMH,60.0,43.0,1230.0,Excellent,1000 - 1500 CMH
415,Amplesta Sereno,Amplesta,17099,4.6,40% off,46.0,1350 CMH,60.0,40.0,1350.0,Excellent,1000 - 1500 CMH
416,Amplesta EcoFlow,Amplesta,14990,4.1,55% off,139.0,1350 CMH,60.0,55.0,1350.0,Excellent,1000 - 1500 CMH
417,Elite ERA,Elite,14998,3.8,67% off,34.0,1200 CMH,60.0,67.0,1200.0,Good,1000 - 1500 CMH
418,Hindware DIVINA,Hindware,3998,4.1,63% off,1.0,1200 CMH,75.0,63.0,1200.0,Excellent,1000 - 1500 CMH
419,mercy appliances,mercy,6708,3.2,38% off,34.0,1200 CMH,60.0,38.0,1200.0,Good,1000 - 1500 CMH
420,Crompton CHD,Crompton,8799,3.5,61% off,34.0,1626 CMH,90.0,61.0,1626.0,Good,1500 -2000 CHM
421,FABER Hood,FABER,12043,3.7,48% off,26.0,800 CMH,75.0,48.0,800.0,Good,500 - 1000 CMH
422,FABER HOOD,FABER,6708,3.7,67% off,4.0,1250 CMH,60.0,67.0,1250.0,Good,1000 - 1500 CMH
423,Kaff FLO,Kaff,14990,5.0,32% off,0.0,1000 CMH,60.0,32.0,1000.0,Excellent,500 - 1000 CMH
424,Kaff KES60B,Kaff,13499,4.1,34% off,1.0,1450 CMH,60.0,34.0,1450.0,Excellent,1000 - 1500 CMH
425,FABER Hood,FABER,17490,4.0,65% off,9.0,1350 CMH,90.0,65.0,1350.0,Good,1000 - 1500 CMH
426,RUWA PEARL,RUWA,9869,4.1,53% off,19.0,1100 CMH,60.0,53.0,1100.0,Excellent,1000 - 1500 CMH
427,Kutchina Vento,Kutchina,3578,4.1,64% off,34.0,3 CMH,60.0,64.0,3.0,Excellent,0-500 CMH
428,HPC ultra,HPC,7399,3.1,60% off,34.0,1200 CMH,90.0,60.0,1200.0,Good,1000 - 1500 CMH
429,HPC king,HPC,15247,3.8,73% off,34.0,1350 CMH,90.0,73.0,1350.0,Good,1000 - 1500 CMH
430,Maplin Combo,Maplin,12998,5.0,5% off,34.0,1400 CMH,60.0,5.0,1400.0,Excellent,1000 - 1500 CMH
431,FABER Hood,FABER,9548,4.1,67% off,594.0,800 CMH,60.0,67.0,800.0,Excellent,500 - 1000 CMH
432,FABER HOOD,FABER,13103,4.4,67% off,46.0,1150 CMH,60.0,67.0,1150.0,Excellent,1000 - 1500 CMH
433,Uplift Platina,Uplift,13999,4.1,55% off,21.0,1550 CMH,90.0,55.0,1550.0,Excellent,1500 -2000 CHM
434,Kraft Italy,Kraft,3998,4.1,18% off,34.0,1050 CMH,60.0,18.0,1050.0,Excellent,1000 - 1500 CMH
435,FABER HOOD,FABER,8037,4.1,37% off,206.0,1500 CMH,60.0,37.0,1500.0,Excellent,1000 - 1500 CMH
436,FABER Hood,FABER,17490,4.1,28% off,139.0,1250 CMH,90.0,28.0,1250.0,Excellent,1000 - 1500 CMH
437,Carysil Kia,Carysil,7490,4.1,67% off,34.0,1200 CMH,5.0,67.0,1200.0,Excellent,1000 - 1500 CMH
438,Maplin KW90,Maplin,17280,4.1,63% off,34.0,1200 CMH,60.0,63.0,1200.0,Excellent,1000 - 1500 CMH
439,Kaff ELBAA,Kaff,10690,4.1,58% off,5.0,1350 CMH,90.0,58.0,1350.0,Excellent,1000 - 1500 CMH
440,Hindware Martina,Hindware,15990,4.1,41% off,34.0,1300 CMH,50.0,41.0,1300.0,Excellent,1000 - 1500 CMH
441,Amplesta Sereno,Amplesta,37264,4.1,48% off,26.0,1350 CMH,60.0,48.0,1350.0,Excellent,1000 - 1500 CMH
442,Amplesta Sereno,Amplesta,28340,4.1,67% off,4.0,1350 CMH,90.0,67.0,1350.0,Excellent,1000 - 1500 CMH
443,Maplin Combo,Maplin,4192,4.1,51% off,34.0,160 CMH,60.0,51.0,160.0,Excellent,0-500 CMH
444,Kaff LIZDHC90,Kaff,19500,4.1,50% off,1.0,1250 CMH,60.0,50.0,1250.0,Excellent,1000 - 1500 CMH
445,Koche ENZO,Koche,21600,4.1,46% off,9.0,1350 CMH,90.0,46.0,1350.0,Excellent,1000 - 1500 CMH
446,Koche STARK,Koche,7199,4.1,22% off,46.0,800 CMH,75.0,22.0,800.0,Excellent,500 - 1000 CMH
447,Kaff TANNIC,Kaff,6576,4.1,30% off,34.0,1350 CMH,60.0,30.0,1350.0,Excellent,1000 - 1500 CMH
448,Kaff Ambra,Kaff,15552,4.1,67% off,3.0,1200 CMH,33.0,67.0,1200.0,Excellent,1000 - 1500 CMH
449,Vidhi Solutions,Vidhi,6576,4.0,56% off,34.0,1200 CMH,90.0,56.0,1200.0,Good,1000 - 1500 CMH
450,Maplin Combo,Maplin,37264,4.0,71% off,0.0,1150 CMH,60.0,71.0,1150.0,Good,1000 - 1500 CMH
